help	Справка по командам и параметрам
acl	Разбор условий доступа к памяти
gdf	Выбор или получение корневого файла приложения
auto	Автоматическое обнаружение неизвестной метки
search	Поиск и распознавание меток
info	Информация о метке или выбранном объекте
reader	Чтение идентификатора метки считывателем
read	Чтение данных
rdbl	Чтение блока или страницы памяти
rdmulti	Чтение нескольких блоков памяти
rdsc	Чтение сектора памяти
dump	Чтение и сохранение дампа памяти
restore	Восстановление памяти из файла дампа
write	Запись данных
wrbl	Запись блока или страницы памяти
sniff	Захват обмена между меткой и считывателем
sim	Эмуляция метки
simask	Эмуляция LF-сигнала с модуляцией ASK
simfsk	Эмуляция LF-сигнала с модуляцией FSK
simpsk	Эмуляция LF-сигнала с модуляцией PSK
simbidir	Двунаправленная эмуляция LF-метки
list	Просмотр списка данных или объектов
load	Загрузка данных из файла
save	Сохранение данных в файл
plot	Отображение графика сигнала
tune	Измерение настройки антенны
config	Просмотр и изменение конфигурации
status	Просмотр состояния
version	Информация о версиях клиента и прошивки
raw	Отправка необработанной команды протокола
auth	Аутентификация с меткой
auth1	Аутентификация первым способом
auth2	Аутентификация вторым способом
auth4	Аутентификация четвёртым способом
aesauth	Аутентификация AES
aeschk	Проверка AES-ключей
authsign	Аутентификация и проверка подписи
cauth	Аутентификация Ultralight C
check	Проверка данных или ключей
chk	Проверка ключей
fchk	Быстрая проверка ключей
cchk	Проверка ключей Ultralight C
keygen	Генерация ключей
pwdgen	Расчёт паролей поддерживаемыми алгоритмами
pwd	Операции с паролем
recover	Восстановление ключей или данных
recoverpw	Восстановление пароля
autorecover	Автоматизированное восстановление ключей
brute	Перебор параметров или ключей
bruteforce	Перебор ключей или параметров
autopwn	Автоматизированная последовательность исследования защиты метки
darkside	Восстановление ключа Classic методом Darkside
nested	Восстановление ключей Classic методом Nested
staticnested	Восстановление ключей Classic со статическим генератором случайных чисел
hardnested	Восстановление ключей Classic методом Hardnested
clone	Запись данных в совместимую программируемую метку
clonehelp	Справка о совместимых программируемых метках
wipe	Очистка памяти
format	Форматирование данных или памяти
formatall	Полное форматирование
formatpicc	Форматирование карты PICC
clear	Очистка экрана или буфера
eclr	Очистка памяти эмулятора
eload	Загрузка дампа в память эмулятора
esave	Сохранение памяти эмулятора в файл
eview	Просмотр памяти эмулятора
einfo	Информация о памяти эмулятора
egetblk	Чтение блока памяти эмулятора
egetsc	Чтение сектора памяти эмулятора
esetblk	Изменение блока памяти эмулятора
ecfill	Заполнение памяти эмулятора данными метки
ekeyprn	Вывод ключей из памяти эмулятора
ndefread	Чтение записей NDEF
ndefwrite	Запись NDEF
ndefformat	Подготовка памяти для NDEF
view	Просмотр сохранённых данных
diff	Сравнение данных
extract	Извлечение данных из трассы
decode	Декодирование данных
encode	Кодирование данных
demod	Демодуляция сигнала метки
rawdemod	Демодуляция необработанного сигнала
altdemod	Альтернативная демодуляция сигнала
demodbuff	Просмотр буфера демодуляции
samples	Получение отсчётов сигнала
hexsamples	Просмотр отсчётов в HEX
bitsamples	Получение битовых отсчётов
detect	Обнаружение типа или настроек метки
detectclock	Определение тактового периода сигнала
detectreader	Исследование поведения считывателя
cmdread	Передача LF-команды с последующим чтением
readmem	Чтение памяти устройства
readrec	Чтение записей файла
read er	Чтение метки
apdu	Отправка команды APDU
apdufind	Поиск поддерживаемых команд APDU
atr	Получение ответа ATR
select	Выбор метки или приложения
selectapp	Выбор приложения на карте
selectisofid	Выбор файла по ISO-идентификатору
getuid	Получение UID карты
setuid	Установка UID на совместимой метке
setkey	Установка ключа
changekey	Изменение ключа
chkey	Изменение ключа
getkeysettings	Чтение настроек ключей
chkeysettings	Изменение настроек ключей
getkeyversions	Чтение версий ключей
getfilesettings	Чтение настроек файла
chfilesettings	Изменение настроек файла
getfileids	Список идентификаторов файлов
getfileisoids	Список ISO-идентификаторов файлов
getaids	Список идентификаторов приложений
getappnames	Получение названий приложений
createapp	Создание приложения на карте
deleteapp	Удаление приложения с карты
createfile	Создание файла
deletefile	Удаление файла
createrecordfile	Создание файла записей
createvaluefile	Создание файла значения
createmacfile	Создание файла MAC
createdelegateapp	Создание делегированного приложения
getdelegateappinfo	Информация о делегированном приложении
lsapp	Список приложений
lsfiles	Список файлов
clearrecfile	Очистка файла записей
balance	Чтение значения баланса
value	Операции с блоком или файлом значения
incr	Увеличение значения
creditepurse	Операция пополнения электронного кошелька
commitp	Подтверждение подготовленной операции
setconfig	Изменение конфигурации
setclock	Настройка тактового периода
setmod	Настройка модуляции
modulation	Просмотр и изменение модуляции
setlfdivisor	Настройка делителя частоты LF
sethfthresh	Настройка порогов приёмника HF
setmux	Выбор источника сигнала аналогового мультиплексора
fpgaoff	Выключение FPGA и поля антенны
break	Отправка команды остановки активного режима устройства
connect	Подключение к устройству
ping	Проверка ответа устройства
reset	Сброс устройства или состояния
bootloader	Перезагрузка в загрузчик
standalone	Запуск автономного режима прошивки
dbg	Настройка отладочного вывода
setdebugmode	Настройка режима отладки
selftest	Самопроверка
test	Запуск проверки
timeout	Настройка времени ожидания
msleep	Пауза в миллисекундах
rem	Добавление комментария в журнал
quit	Завершение клиента
exit	Выход из клиента
hints	Включение и выключение подсказок
run	Запуск сценария
exec	Выполнение команды или сценария
init	Инициализация
initp	Инициализация протокольной операции
default	Восстановление стандартных настроек
show	Отображение данных
hide	Скрытие отображения
output	Настройка вывода
print	Печать данных
color	Настройка цвета вывода
emoji	Настройка символов интерфейса
savepaths	Настройка каталогов сохранения
client.debug	Настройка отладки клиента
client.delay	Настройка задержки клиента
client.timeout	Настройка времени ожидания клиента
hf.field.timeout_sec	Настройка времени удержания HF-поля
units	Выбор единиц измерения
timescale	Выбор масштаба времени
grid	Настройка сетки графика
plotsliders	Настройка графика ползунками
setgraphmarkers	Установка маркеров графика
shiftgraphzero	Смещение нулевого уровня графика
norm	Нормализация сигнала
decimate	Прореживание отсчётов
undecimate	Увеличение количества отсчётов
ltrim	Обрезка сигнала слева
rtrim	Обрезка сигнала справа
mtrim	Обрезка выделенного участка сигнала
hpf	Фильтр верхних частот
iir	Фильтрация сигнала рекурсивным фильтром
autocorr	Автокорреляция сигнала
askedgedetect	Обнаружение фронтов ASK-сигнала
fsktonrz	Преобразование FSK-сигнала в NRZ
zerocrossings	Анализ переходов сигнала через ноль
biphaserawdecode	Декодирование двухфазного битового потока
manrawdecode	Декодирование Манчестерского битового потока
getbitstream	Получение битового потока
convertbitstream	Преобразование битового потока
crc	Вычисление или проверка CRC
lrc	Вычисление продольной контрольной суммы LRC
chksum	Вычисление контрольной суммы
cksum	Вычисление контрольной суммы
xor	Побитовое исключающее ИЛИ
asn1	Разбор структуры ASN.1
encrypt	Шифрование данных
decrypt	Расшифровка данных
crypto	Криптографические операции
diversifykey	Диверсификация ключа
permutekey	Перестановка байтов ключа
calcnewkey	Расчёт нового ключа
calc	Вычисление параметров
lookup	Поиск значения в справочнике
unhash	Поиск исходного значения хеша
lfsr	Операции с линейным регистром сдвига
chaining	Настройка цепочки протокольных сообщений
challenge	Запрос аутентификационного вызова
intauth	Внутренняя аутентификация
liteauth	Аутентификация FeliCa Lite
litedump	Чтение памяти FeliCa Lite
litesim	Эмуляция FeliCa Lite
cload	Загрузка дампа в совместимую специальную карту
csave	Сохранение памяти совместимой специальной карты
cview	Просмотр памяти совместимой специальной карты
cgetblk	Чтение блока совместимой специальной карты
cgetsc	Чтение сектора совместимой специальной карты
csetblk	Запись блока совместимой специальной карты
csetuid	Изменение UID совместимой специальной карты
cwipe	Очистка совместимой специальной карты
cformat	Форматирование совместимой специальной карты
cread	Чтение совместимой специальной карты
cwrite	Запись совместимой специальной карты
ginfo	Информация о специальной программируемой метке
gload	Загрузка дампа в специальную программируемую метку
gsave	Сохранение специальной программируемой метки
gview	Просмотр специальной программируемой метки
ggetblk	Чтение блока специальной программируемой метки
gsetblk	Запись блока специальной программируемой метки
gchpwd	Изменение пароля специальной программируемой метки
gdmcfg	Чтение конфигурации GDM-метки
gdmparsecfg	Разбор конфигурации GDM-метки
gdmsetblk	Запись блока GDM-метки
gdmsetcfg	Запись конфигурации GDM-метки
gen3blk	Изменение блока карты Gen3
gen3freeze	Фиксация настроек карты Gen3
gen3uid	Изменение UID карты Gen3
cuids	Повторное чтение UID специальных карт
cnonces	Сбор случайных вызовов карты
crack2	Восстановление ключей по собранным данным
legbrute	Перебор параметров LEGIC
legrec	Восстановление данных LEGIC
loclass	Исследование ключей iCLASS
mad	Разбор каталога приложений MIFARE MAD
nack	Проверка поведения при отрицательном ответе
nuid	Расчёт сокращённого идентификатора NUID
otptear	Исследование прерывания записи OTP
countertear	Исследование прерывания обновления счётчика
tear	Исследование прерывания записи
tearoff	Настройка прерывания питания при операции
blacktears	Исследование прерывания записи метки
protect	Настройка защиты
unlock	Разблокировка поддерживаемой метки
personalize	Персонализация метки
provision	Подготовка и персонализация
tamper	Проверка состояния датчика вскрытия
slixeasdisable	Отключение EAS для SLIX
slixeasenable	Включение EAS для SLIX
slixprivacydisable	Отключение приватного режима SLIX
slixprivacyenable	Включение приватного режима SLIX
slixprotectpage	Настройка защиты страниц SLIX
slixwritepwd	Запись пароля SLIX
passprotectafi	Настройка парольной защиты AFI
passprotecteas	Настройка парольной защиты EAS
writeafi	Запись AFI
writedsfid	Запись DSFID
findafi	Поиск AFI
wrpwd	Запись пароля
wrp	Запись с защитой
rqresponse	Запрос режима ответа FeliCa
rqservice	Запрос сервиса FeliCa
rqspecver	Запрос версии спецификации FeliCa
rqsyscode	Запрос системного кода FeliCa
scsvcode	Поиск сервисных кодов FeliCa
aread	Чтение с аутентификацией
awrite	Запись с аутентификацией
pread	Чтение параметров
prec	Запись параметров
reg	Операции с регистрами
scan	Сканирование объектов или меток
watch	Наблюдение за обменом или состоянием
wakeup	Активация метки
interrogate	Опрос метки
freq	Настройка или измерение частоты
cthreshold	Настройка порога сигнала
dirthreshold	Настройка порога направления
chconf	Изменение конфигурации
deviceconfig	Настройка устройства
configcard	Работа с конфигурационной картой
resetmode	Сброс режима
resetread	Сброс с последующим чтением
setpin	Установка PIN
btpin	Настройка PIN Bluetooth-модуля
btfactory	Сброс Bluetooth-модуля к заводским настройкам
baudrate	Настройка скорости последовательного порта
tx	Передача данных
rx	Приём данных
txhex	Передача HEX-данных
rxhex	Приём HEX-данных
txrx	Передача и приём данных
send	Отправка данных
receive	Получение данных
relay	Ретрансляция обмена; требуются совместимые устройства
replay	Повтор записанной последовательности обмена
spoof	Подстановка идентификационных параметров
tagsim	Эмуляция метки
simaid	Эмуляция приложения с заданным AID
trace	Работа с трассой обмена
upload	Загрузка данных в устройство
upgrade	Обновление поддерживаемого компонента
mount	Подключение файловой системы
unmount	Отключение файловой системы
freemem	Информация о свободной памяти
getfs	Чтение параметров файловой системы
changefs	Изменение файловой системы
copy	Копирование данных
rename	Переименование объекта
remove	Удаление объекта
delete	Удаление объекта
create	Создание объекта
modify	Изменение объекта
make	Создание данных
tree	Дерево объектов
formatall	Полное форматирование
lcd	Управление LCD-модулем
lcdreset	Сброс LCD-модуля
gpo	Управление выходом общего назначения
tia	Настройка временных интервалов устройства
decay	Измерение затухания HF-поля
assert	Проверка диагностического условия
test_ss32	Проверка обработки 32-битных отсчётов
test_ss32s	Проверка обработки знаковых 32-битных отсчётов
test_ss8	Проверка обработки 8-битных отсчётов
valid	Проверка корректности данных
antifuzz	Исследование обработки нестандартных запросов
dangerraw	Низкоуровневая передача специальных команд
bruteaid	Перебор идентификаторов приложений
bruteisofid	Перебор ISO-идентификаторов файлов
brutedamslot	Поиск слотов делегированных приложений
managekeys	Управление набором ключей
updkey	Обновление ключа
updakey	Обновление ключа аутентификации
login	Аутентификация пользователя
sam	Работа с модулем защищённого доступа SAM
pcsc	Работа через интерфейс PC/SC
smart2nfc	Обмен между контактным интерфейсом и NFC
adf	Работа с файлом определения приложения
pse	Выбор окружения платёжных приложений
getdata	Получение данных приложения
genac	Запрос прикладной криптограммы
envelope	Передача вложенного сообщения
credential	Работа с идентификационными данными
pacs	Разбор данных системы контроля доступа
seacinfo	Информация о данных контроля доступа SE
cc	Разбор capability container или данных карты
ta	Терминальная аутентификация
roca	Проверка признаков уязвимости ключей ROCA
amiibo	Работа с данными Amiibo
jooki	Работа с метками Jooki
calypso	Работа с приложением Calypso
mobib	Работа с приложением MOBIB
st25taread	Чтение ST25TA
encodehid	Кодирование идентификатора HID
qrcode	Построение QR-кода
dates	Преобразование дат
num	Преобразование числовых значений
regex	Поиск по регулярному выражению
discnodes	Обнаружение узлов
mqtt	Обмен через MQTT
isen	Настройка измерения тока
barmode	Настройка режима отображения уровня
bmap	Работа с битовой картой
p1detect	Определение режима страницы 1
supercard	Работа с диагностической Supercard
special	Специальные операции семейства
foo	Диагностическая команда разработчиков
a	Операция подкоманды A; параметры приведены в справке
